Days,Longitude,Latitude,Temp1,Hum1,Wind1,Rain
0,37.8106959,-122.183232,19.66,75.0,1.43,0
1,37.8106959,-122.183232,19.645,70.0,3.1,0
2,37.8106959,-122.183232,18.7,73.0,2.83,0
3,37.8106959,-122.183232,19.45,71.0,2.71,0
4,37.8106959,-122.183232,21.025,69.0,2.1,0
5,37.8106959,-122.183232,21.315,70.0,2.03,0
0,38.2674577,-114.5958307,21.7,60.0,1.6,0
1,38.2674577,-114.5958307,18.165,67.0,1.31,0
2,38.2674577,-114.5958307,19.07,61.0,0.85,0
3,38.2674577,-114.5958307,20.265,48.0,1.18,0
4,38.2674577,-114.5958307,21.240000000000002,37.0,1.73,0
5,38.2674577,-114.5958307,21.325,28.000000000000004,2.58,0
0,40.0246419,-117.111486,20.83,30.0,1.96,0
1,40.0246419,-117.111486,16.665,56.99999999999999,1.99,0
2,40.0246419,-117.111486,15.600000000000001,62.0,1.15,0
3,40.0246419,-117.111486,15.93,60.0,0.73,0
4,40.0246419,-117.111486,17.44,60.0,1.17,0
5,40.0246419,-117.111486,17.445,47.0,0.73,0
0,39.387717,-114.6980699,20.0,40.0,1.17,0
1,39.387717,-114.6980699,15.469999999999999,65.0,0.68,1
2,39.387717,-114.6980699,15.14,70.0,0.74,0
3,39.387717,-114.6980699,16.91,63.0,0.81,0
4,39.387717,-114.6980699,17.93,53.0,0.74,0
5,39.387717,-114.6980699,18.905,41.0,1.05,0
0,38.9310577,-114.4216662,25.155,41.0,1.81,0
1,38.9310577,-114.4216662,18.895,59.0,0.61,0
2,38.9310577,-114.4216662,18.545,63.0,0.51,0
3,38.9310577,-114.4216662,20.24,53.0,0.16,0
4,38.9310577,-114.4216662,21.27,42.0,0.55,0
5,38.9310577,-114.4216662,21.67,31.0,1.48,0
0,38.6042849,-122.8323792,20.585,77.0,0.6,0
1,38.6042849,-122.8323792,18.845,73.0,1.72,0
2,38.6042849,-122.8323792,19.119999999999997,75.0,1.46,0
3,38.6042849,-122.8323792,19.975,74.0,1.52,0
4,38.6042849,-122.8323792,21.740000000000002,71.0,1.28,0
5,38.6042849,-122.8323792,22.61,71.0,1.06,0
0,36.7879992,-118.7795466,19.205000000000002,61.0,0.28,0
1,36.7879992,-118.7795466,16.16,56.00000000000001,0.78,0
2,36.7879992,-118.7795466,17.59,45.0,0.45,0
3,36.7879992,-118.7795466,18.28,41.0,0.16,0
4,36.7879992,-118.7795466,18.415,38.0,0.11,0
5,36.7879992,-118.7795466,18.155,36.0,0.07,0
0,40.3676395,-123.9414301,23.79,57.99999999999999,0.5,0
1,40.3676395,-123.9414301,18.92,64.0,1.38,0
2,40.3676395,-123.9414301,20.125,76.0,0.83,0
3,40.3676395,-123.9414301,21.665,76.0,0.63,0
4,40.3676395,-123.9414301,21.869999999999997,75.0,1.19,0
5,40.3676395,-123.9414301,20.265,75.0,1.64,0
0,40.2240313,-123.8003114,23.155,63.0,0.46,0
1,40.2240313,-123.8003114,22.9,52.0,1.04,0
2,40.2240313,-123.8003114,23.549999999999997,64.0,0.56,0
3,40.2240313,-123.8003114,24.94,63.0,0.5,0
4,40.2240313,-123.8003114,25.265,63.0,0.91,0
5,40.2240313,-123.8003114,24.275,63.0,1.3,0
0,40.3631952,-123.9242073,20.525,73.0,0.94,0
1,40.3631952,-123.9242073,20.93,56.00000000000001,1.45,0
2,40.3631952,-123.9242073,22.740000000000002,63.0,0.87,0
3,40.3631952,-123.9242073,24.0,63.0,0.68,0
4,40.3631952,-123.9242073,24.005,62.0,1.15,0
5,40.3631952,-123.9242073,22.545,63.0,1.54,0
0,40.2779191,-123.8500366,22.705,65.0,0.61,0
1,40.2779191,-123.8500366,22.31,54.0,1.17,0
2,40.2779191,-123.8500366,23.325000000000003,65.0,0.64,0
3,40.2779191,-123.8500366,24.814999999999998,65.0,0.53,0
4,40.2779191,-123.8500366,25.015,64.0,1.01,0
5,40.2779191,-123.8500366,23.73,65.0,1.41,0
0,38.4654692,-122.9774984,19.845,79.0,0.65,0
1,38.4654692,-122.9774984,17.48,78.0,1.72,0
2,38.4654692,-122.9774984,17.325,83.0,1.55,0
3,38.4654692,-122.9774984,17.93,83.0,1.6,0
4,38.4654692,-122.9774984,19.72,79.0,1.25,0
5,38.4654692,-122.9774984,20.83,78.0,1.14,0
0,36.7577225,-118.8317702,17.384999999999998,64.0,0.42,0
1,36.7577225,-118.8317702,14.55,61.0,0.8,0
2,36.7577225,-118.8317702,15.665,50.0,0.46,0
3,36.7577225,-118.8317702,16.439999999999998,45.0,0.15,0
4,36.7577225,-118.8317702,17.06,41.0,0.11,0
5,36.7577225,-118.8317702,16.725,38.0,0.07,0
0,38.9246199,-121.8519118,27.39,50.0,1.92,0
1,38.9246199,-121.8519118,25.375,52.0,2.19,0
2,38.9246199,-121.8519118,25.040000000000003,48.0,1.79,0
3,38.9246199,-121.8519118,26.01,48.0,1.85,0
4,38.9246199,-121.8519118,27.15,46.0,1.71,0
5,38.9246199,-121.8519118,27.465,48.0,1.86,0
0,38.3668575,-122.5952619,19.785,77.0,0.95,0
1,38.3668575,-122.5952619,19.87,72.0,2.3,0
2,38.3668575,-122.5952619,19.8,76.0,1.78,0
3,38.3668575,-122.5952619,20.465,75.0,1.86,0
4,38.3668575,-122.5952619,21.78,73.0,1.51,0
5,38.3668575,-122.5952619,22.26,73.0,1.2,0
0,36.7793881,-118.7762131,18.115,65.0,0.33,0
1,36.7793881,-118.7762131,15.045,61.0,0.8,0
2,36.7793881,-118.7762131,16.16,49.0,0.46,0
3,36.7793881,-118.7762131,17.045,44.0,0.15,0
4,36.7793881,-118.7762131,17.384999999999998,41.0,0.11,0
5,36.7793881,-118.7762131,16.785,38.0,0.07,0
0,40.33514,-123.9369847,20.725,71.0,0.94,0
1,40.33514,-123.9369847,20.925,56.00000000000001,1.43,0
2,40.33514,-123.9369847,22.585,64.0,0.85,0
3,40.33514,-123.9369847,23.92,64.0,0.66,0
4,40.33514,-123.9369847,23.990000000000002,63.0,1.18,0
5,40.33514,-123.9369847,22.490000000000002,64.0,1.6,0
0,40.2884747,-123.8117026,24.41,56.00000000000001,0.25,0
1,40.2884747,-123.8117026,21.825,55.00000000000001,1.1,0
2,40.2884747,-123.8117026,22.635,68.0,0.59,0
3,40.2884747,-123.8117026,24.1,67.0,0.5,0
4,40.2884747,-123.8117026,24.384999999999998,66.0,0.93,0
5,40.2884747,-123.8117026,23.185000000000002,67.0,1.28,0
0,39.8976505,-123.7511338,24.685,55.00000000000001,0.37,0
1,39.8976505,-123.7511338,20.345,64.0,0.61,0
2,39.8976505,-123.7511338,20.395,72.0,0.71,0
3,39.8976505,-123.7511338,21.98,71.0,0.64,0
4,39.8976505,-123.7511338,22.835,70.0,0.44,0
5,39.8976505,-123.7511338,21.93,70.0,0.88,0
0,40.3508813,-123.9244801,19.744999999999997,75.0,0.91,0
1,40.3508813,-123.9244801,21.11,55.00000000000001,1.43,0
2,40.3508813,-123.9244801,22.845,62.0,0.85,0
3,40.3508813,-123.9244801,24.085,62.0,0.66,0
4,40.3508813,-123.9244801,24.15,62.0,1.16,0
5,40.3508813,-123.9244801,22.68,63.0,1.55,0
0,36.7785554,-118.8209368,17.24,67.0,0.3,0
1,36.7785554,-118.8209368,13.864999999999998,64.0,0.79,0
2,36.7785554,-118.8209368,15.04,52.0,0.45,0
3,36.7785554,-118.8209368,15.919999999999998,47.0,0.16,0
4,36.7785554,-118.8209368,16.13,43.0,0.11,0
5,36.7785554,-118.8209368,15.794999999999998,40.0,0.07,0
0,36.6188485,-121.8310627,18.66,85.0,1.12,0
1,36.6188485,-121.8310627,17.9,83.0,1.99,0
2,36.6188485,-121.8310627,16.8,82.0,2.11,0
3,36.6188485,-121.8310627,16.85,82.0,1.95,0
4,36.6188485,-121.8310627,18.285,76.0,1.44,0
5,36.6188485,-121.8310627,18.265,79.0,1.86,0
0,40.3062517,-123.90865,21.509999999999998,68.0,0.96,0
1,40.3062517,-123.90865,21.41,55.00000000000001,1.33,0
2,40.3062517,-123.90865,22.845,64.0,0.77,0
3,40.3062517,-123.90865,24.185000000000002,64.0,0.6,0
4,40.3062517,-123.90865,24.33,63.0,1.14,0
5,40.3062517,-123.90865,22.9,64.0,1.56,0
0,40.2915294,-123.9419838,24.235,56.99999999999999,0.3,0
1,40.2915294,-123.9419838,19.545,63.0,1.35,0
2,40.2915294,-123.9419838,20.88,75.0,0.8,0
3,40.2915294,-123.9419838,22.155,75.0,0.61,0
4,40.2915294,-123.9419838,22.41,74.0,1.21,0
5,40.2915294,-123.9419838,21.134999999999998,74.0,1.69,0
0,40.2818076,-123.8939268,21.575,68.0,0.91,0
1,40.2818076,-123.8939268,21.840000000000003,53.0,1.26,0
2,40.2818076,-123.8939268,23.075,64.0,0.72,0
3,40.2818076,-123.8939268,24.39,63.0,0.57,0
4,40.2818076,-123.8939268,24.590000000000003,62.0,1.11,0
5,40.2818076,-123.8939268,23.265,63.0,1.54,0
0,40.1320885,-123.8136415,25.515,56.99999999999999,0.46,0
1,40.1320885,-123.8136415,21.665,57.99999999999999,1.06,0
2,40.1320885,-123.8136415,21.985,69.0,0.73,0
3,40.1320885,-123.8136415,23.21,68.0,0.61,0
4,40.1320885,-123.8136415,23.79,67.0,1.05,0
5,40.1320885,-123.8136415,23.09,66.0,1.71,0
0,40.2709747,-123.8461474,23.28,63.0,0.37,0
1,40.2709747,-123.8461474,22.325000000000003,54.0,1.15,0
2,40.2709747,-123.8461474,23.265,66.0,0.63,0
3,40.2709747,-123.8461474,24.75,65.0,0.52,0
4,40.2709747,-123.8461474,24.97,64.0,1.01,0
5,40.2709747,-123.8461474,23.72,65.0,1.39,0
0,36.7857779,-118.8509379,16.99,68.0,0.3,0
1,36.7857779,-118.8509379,13.615,65.0,0.78,0
2,36.7857779,-118.8509379,14.785,53.0,0.45,0
3,36.7857779,-118.8509379,15.635000000000002,47.0,0.17,0
4,36.7857779,-118.8509379,15.919999999999998,44.0,0.11,0
5,36.7857779,-118.8509379,15.63,41.0,0.06,0
0,40.2715301,-123.8675369,21.735,68.0,0.88,0
1,40.2715301,-123.8675369,22.905,53.0,1.19,0
2,40.2715301,-123.8675369,23.845,65.0,0.66,0
3,40.2715301,-123.8675369,25.43,64.0,0.54,0
4,40.2715301,-123.8675369,25.674999999999997,64.0,1.06,0
5,40.2715301,-123.8675369,24.384999999999998,64.0,1.47,0
0,36.7632778,-118.8234367,16.65,67.0,0.34,0
1,36.7632778,-118.8234367,13.12,66.0,0.79,0
2,36.7632778,-118.8234367,14.325,54.0,0.46,0
3,36.7632778,-118.8234367,15.16,49.0,0.15,0
4,36.7632778,-118.8234367,15.44,45.0,0.11,0
5,36.7632778,-118.8234367,15.2,41.0,0.07,0
0,40.2562528,-123.820313,23.505000000000003,62.0,0.29,0
1,40.2562528,-123.820313,22.755,52.0,1.09,0
2,40.2562528,-123.820313,23.560000000000002,65.0,0.57,0
3,40.2562528,-123.820313,25.005000000000003,64.0,0.49,0
4,40.2562528,-123.820313,25.255000000000003,63.0,0.94,0
5,40.2562528,-123.820313,24.115000000000002,64.0,1.31,0
0,36.7541118,-118.8631601,17.825,66.0,0.29,0
1,36.7541118,-118.8631601,14.715,60.0,0.78,0
2,36.7541118,-118.8631601,16.055,49.0,0.45,0
3,36.7541118,-118.8631601,16.825,44.0,0.16,0
4,36.7541118,-118.8631601,17.13,41.0,0.11,0
5,36.7541118,-118.8631601,16.63,38.0,0.07,0
0,40.2204203,-123.785033,23.9,60.0,0.17,0
1,40.2204203,-123.785033,22.939999999999998,52.0,1.01,0
2,40.2204203,-123.785033,23.54,65.0,0.54,0
3,40.2204203,-123.785033,24.905,63.0,0.49,0
4,40.2204203,-123.785033,25.25,63.0,0.86,0
5,40.2204203,-123.785033,24.305,63.0,1.22,0
0,40.2659747,-123.8422583,23.77,60.0,0.22,0
1,40.2659747,-123.8422583,22.259999999999998,54.0,1.14,0
2,40.2659747,-123.8422583,23.119999999999997,66.0,0.62,0
3,40.2659747,-123.8422583,24.59,65.0,0.51,0
4,40.2659747,-123.8422583,24.845,65.0,0.99,0
5,40.2659747,-123.8422583,23.625,65.0,1.38,0
0,40.2926408,-123.8975382,21.37,69.0,0.93,0
1,40.2926408,-123.8975382,21.775,53.0,1.28,0
2,40.2926408,-123.8975382,23.03,63.0,0.74,0
3,40.2926408,-123.8975382,24.34,63.0,0.58,0
4,40.2926408,-123.8975382,24.52,62.0,1.12,0
5,40.2926408,-123.8975382,23.195,63.0,1.55,0
0,36.7999447,-118.8684387,21.66,56.99999999999999,0.18,0
1,36.7999447,-118.8684387,18.78,54.0,0.51,0
2,36.7999447,-118.8684387,20.01,44.0,0.31,0
3,36.7999447,-118.8684387,20.55,39.0,0.3,0
4,36.7999447,-118.8684387,20.68,38.0,0.08,0
5,36.7999447,-118.8684387,20.455,36.0,0.1,0
0,40.3679174,-123.9303187,22.490000000000002,67.0,0.46,0
1,40.3679174,-123.9303187,20.415,65.0,1.46,0
2,40.3679174,-123.9303187,22.18,73.0,0.88,0
3,40.3679174,-123.9303187,23.74,72.0,0.69,0
4,40.3679174,-123.9303187,23.705,72.0,1.16,0
5,40.3679174,-123.9303187,22.099999999999998,73.0,1.54,0
0,41.5054438,-121.0216383,20.994999999999997,37.0,1.03,0
1,41.5054438,-121.0216383,19.855,57.99999999999999,1.88,0
2,41.5054438,-121.0216383,19.67,65.0,0.57,0
3,41.5054438,-121.0216383,21.115000000000002,56.99999999999999,0.4,0
4,41.5054438,-121.0216383,21.045,52.0,0.2,0
5,41.5054438,-121.0216383,20.880000000000003,56.99999999999999,0.57,0
0,40.3159737,-123.9183727,22.36,66.0,0.68,0
1,40.3159737,-123.9183727,21.07,56.99999999999999,1.36,0
2,40.3159737,-123.9183727,22.695,66.0,0.8,0
3,40.3159737,-123.9183727,24.049999999999997,66.0,0.62,0
4,40.3159737,-123.9183727,24.174999999999997,65.0,1.15,0
5,40.3159737,-123.9183727,22.64,66.0,1.58,0
0,40.3334734,-123.9269844,23.29,63.0,0.38,0
1,40.3334734,-123.9269844,20.795,59.0,1.4,0
2,40.3334734,-123.9269844,22.57,68.0,0.83,0
3,40.3334734,-123.9269844,23.935000000000002,68.0,0.65,0
4,40.3334734,-123.9269844,24.03,67.0,1.16,0
5,40.3334734,-123.9269844,22.41,68.0,1.57,0
0,40.3415289,-123.9303181,20.73,72.0,0.95,0
1,40.3415289,-123.9303181,22.43,59.0,1.43,0
2,40.3415289,-123.9303181,23.95,68.0,0.85,0
3,40.3415289,-123.9303181,25.705,67.0,0.66,0
4,40.3415289,-123.9303181,25.825000000000003,67.0,1.17,0
5,40.3415289,-123.9303181,24.025,68.0,1.57,0
0,40.4134772,-123.4922546,25.515,37.0,0.25,0
1,40.4134772,-123.4922546,21.924999999999997,53.0,0.18,0
2,40.4134772,-123.4922546,22.9,62.0,0.5,0
3,40.4134772,-123.4922546,23.44,62.0,0.31,0
4,40.4134772,-123.4922546,22.895,65.0,0.7,0
5,40.4134772,-123.4922546,22.53,67.0,0.59,0
0,38.2426958,-120.2549156,22.945,46.0,0.13,0
1,38.2426958,-120.2549156,20.145,47.0,0.52,0
2,38.2426958,-120.2549156,20.939999999999998,40.0,0.16,0
3,38.2426958,-120.2549156,21.785,37.0,0.29,0
4,38.2426958,-120.2549156,22.634999999999998,38.0,0.2,0
5,38.2426958,-120.2549156,22.2,37.0,0.44,0
0,40.2481973,-123.8197572,22.919999999999998,64.0,0.55,0
1,40.2481973,-123.8197572,22.91,52.0,1.08,0
2,40.2481973,-123.8197572,23.689999999999998,64.0,0.57,0
3,40.2481973,-123.8197572,25.130000000000003,63.0,0.49,0
4,40.2481973,-123.8197572,25.39,62.0,0.94,0
5,40.2481973,-123.8197572,24.275,63.0,1.32,0
0,40.0932019,-123.6797493,24.875,40.0,0.13,0
1,40.0932019,-123.6797493,22.115000000000002,54.0,0.49,0
2,40.0932019,-123.6797493,22.255,66.0,0.34,0
3,40.0932019,-123.6797493,23.240000000000002,64.0,0.41,0
4,40.0932019,-123.6797493,23.354999999999997,66.0,0.53,0
5,40.0932019,-123.6797493,22.81,65.0,0.46,0
0,40.5590288,-123.6953193,24.435000000000002,36.0,0.46,0
1,40.5590288,-123.6953193,21.785,53.0,0.25,0
2,40.5590288,-123.6953193,23.14,62.0,0.55,0
3,40.5590288,-123.6953193,24.11,63.0,0.36,0
4,40.5590288,-123.6953193,22.95,64.0,0.74,0
5,40.5590288,-123.6953193,22.34,66.0,0.88,0
0,40.2831966,-123.8647593,22.46,65.0,0.7,0
1,40.2831966,-123.8647593,22.225,53.0,1.2,0
2,40.2831966,-123.8647593,23.445,65.0,0.67,0
3,40.2831966,-123.8647593,24.810000000000002,64.0,0.54,0
4,40.2831966,-123.8647593,24.994999999999997,63.0,1.05,0
5,40.2831966,-123.8647593,23.655,64.0,1.45,0
0,40.0195911,-123.7869704,25.19,56.00000000000001,0.29,0
1,40.0195911,-123.7869704,21.854999999999997,59.0,0.96,0
2,40.0195911,-123.7869704,21.72,70.0,0.8,0
3,40.0195911,-123.7869704,22.86,69.0,0.71,0
4,40.0195911,-123.7869704,23.625,67.0,0.88,0
5,40.0195911,-123.7869704,23.08,66.0,1.51,0
0,36.9482851,-121.6977256,21.97,72.0,0.33,0
1,36.9482851,-121.6977256,19.435000000000002,79.0,1.83,0
2,36.9482851,-121.6977256,18.895,76.0,1.78,0
3,36.9482851,-121.6977256,19.175,75.0,1.74,0
4,36.9482851,-121.6977256,20.73,69.0,1.37,0
5,36.9482851,-121.6977256,20.66,72.0,1.45,0
0,37.5357661,-120.9835428,28.240000000000002,44.0,1.76,0
1,37.5357661,-120.9835428,27.465000000000003,42.0,2.33,0
2,37.5357661,-120.9835428,26.65,36.0,2.75,0
3,37.5357661,-120.9835428,26.82,37.0,3.02,0
4,37.5357661,-120.9835428,27.885,37.0,2.72,0
5,37.5357661,-120.9835428,28.585,39.0,1.54,0
0,36.7893887,-118.830104,18.77,63.0,0.24,0
1,36.7893887,-118.830104,15.765,57.99999999999999,0.77,0
2,36.7893887,-118.830104,17.025,47.0,0.44,0
3,36.7893887,-118.830104,17.685,42.0,0.17,0
4,36.7893887,-118.830104,18.04,39.0,0.11,0
5,36.7893887,-118.830104,17.509999999999998,37.0,0.06,0
0,40.2770855,-123.8836486,22.814999999999998,64.0,0.54,0
1,40.2770855,-123.8836486,21.96,54.0,1.23,0
2,40.2770855,-123.8836486,23.189999999999998,66.0,0.7,0
3,40.2770855,-123.8836486,24.555,65.0,0.55,0
4,40.2770855,-123.8836486,24.77,64.0,1.09,0
5,40.2770855,-123.8836486,23.38,65.0,1.52,0
0,40.1220884,-123.8491974,25.265,56.99999999999999,0.43,0
1,40.1220884,-123.8491974,20.97,61.0,1.14,0
2,40.1220884,-123.8491974,20.98,72.0,0.84,0
3,40.1220884,-123.8491974,22.42,71.0,0.67,0
4,40.1220884,-123.8491974,23.075,69.0,1.24,0
5,40.1220884,-123.8491974,22.47,68.0,2.09,0
0,36.1043915,-118.6553674,18.53,61.0,0.5,0
1,36.1043915,-118.6553674,17.055,57.99999999999999,1.25,0
2,36.1043915,-118.6553674,17.134999999999998,48.0,0.96,0
3,36.1043915,-118.6553674,17.82,45.0,0.58,0
4,36.1043915,-118.6553674,18.425,45.0,0.3,0
5,36.1043915,-118.6553674,17.975,41.0,0.34,0
0,36.4093894,-118.7320398,19.725,62.0,0.07,0
1,36.4093894,-118.7320398,18.990000000000002,54.0,0.67,0
2,36.4093894,-118.7320398,19.625,45.0,0.46,0
3,36.4093894,-118.7320398,19.805,42.0,0.24,0
4,36.4093894,-118.7320398,20.494999999999997,41.0,0.02,0
5,36.4093894,-118.7320398,20.41,37.0,0.29,0
0,36.4466098,-118.6628722,20.27,60.0,0.21,0
1,36.4466098,-118.6628722,18.265,56.00000000000001,0.7,0
2,36.4466098,-118.6628722,18.85,47.0,0.46,0
3,36.4466098,-118.6628722,19.01,44.0,0.21,0
4,36.4466098,-118.6628722,19.92,42.0,0.02,0
5,36.4466098,-118.6628722,19.825,38.0,0.25,0
0,35.8718944,-118.6034211,18.39,56.99999999999999,1.99,0
1,35.8718944,-118.6034211,17.495,56.00000000000001,1.67,0
2,35.8718944,-118.6034211,17.71,47.0,1.16,0
3,35.8718944,-118.6034211,18.31,44.0,0.74,0
4,35.8718944,-118.6034211,18.62,45.0,0.42,0
5,35.8718944,-118.6034211,18.41,40.0,0.46,0
0,36.3813343,-118.7373173,15.475,66.0,0.4,0
1,36.3813343,-118.7373173,13.39,71.0,0.87,0
2,36.3813343,-118.7373173,13.920000000000002,60.0,0.47,0
3,36.3813343,-118.7373173,14.400000000000002,56.00000000000001,0.17,0
4,36.3813343,-118.7373173,15.190000000000001,53.0,0.11,0
5,36.3813343,-118.7373173,14.945,48.0,0.12,0
0,36.4171663,-118.6937059,19.71,60.0,0.15,0
1,36.4171663,-118.6937059,18.9,54.0,0.68,0
2,36.4171663,-118.6937059,19.535,45.0,0.46,0
3,36.4171663,-118.6937059,19.72,42.0,0.23,0
4,36.4171663,-118.6937059,20.51,41.0,0.01,0
5,36.4171663,-118.6937059,20.45,37.0,0.27,0
0,36.0518919,-118.6061995,18.6,60.0,0.71,0
1,36.0518919,-118.6061995,17.345,56.00000000000001,1.31,0
2,36.0518919,-118.6061995,17.43,47.0,1.01,0
3,36.0518919,-118.6061995,18.04,44.0,0.62,0
4,36.0518919,-118.6061995,18.58,44.0,0.33,0
5,36.0518919,-118.6061995,18.135,40.0,0.38,0
0,36.0713361,-118.6128664,18.64,59.0,0.71,0
1,36.0713361,-118.6128664,17.425,56.00000000000001,1.29,0
2,36.0713361,-118.6128664,17.475,47.0,1.0,0
3,36.0713361,-118.6128664,18.119999999999997,44.0,0.61,0
4,36.0713361,-118.6128664,18.74,45.0,0.32,0
5,36.0713361,-118.6128664,18.225,40.0,0.37,0
0,36.4688334,-118.7267627,20.185,60.0,0.19,0
1,36.4688334,-118.7267627,18.15,56.99999999999999,0.68,0
2,36.4688334,-118.7267627,18.715,48.0,0.47,0
3,36.4688334,-118.7267627,18.865,45.0,0.24,0
4,36.4688334,-118.7267627,19.79,43.0,0.02,0
5,36.4688334,-118.7267627,19.705,39.0,0.27,0
0,36.4657767,-118.6806507,17.045,62.0,0.34,0
1,36.4657767,-118.6806507,15.760000000000002,64.0,0.82,0
2,36.4657767,-118.6806507,15.71,54.0,0.45,0
3,36.4657767,-118.6806507,15.905000000000001,51.0,0.15,0
4,36.4657767,-118.6806507,17.0,49.0,0.09,0
5,36.4657767,-118.6806507,16.675,44.0,0.15,0
0,36.82439,-118.9409415,19.495,62.0,0.17,0
1,36.82439,-118.9409415,17.060000000000002,56.99999999999999,0.66,0
2,36.82439,-118.9409415,18.225,47.0,0.39,0
3,36.82439,-118.9409415,18.85,41.0,0.28,0
4,36.82439,-118.9409415,19.215,38.0,0.12,0
5,36.82439,-118.9409415,19.135,36.0,0.05,0
0,36.8057796,-118.9784425,19.73,62.0,0.16,0
1,36.8057796,-118.9784425,17.77,57.99999999999999,0.55,0
2,36.8057796,-118.9784425,18.87,47.0,0.34,0
3,36.8057796,-118.9784425,19.445,41.0,0.32,0
4,36.8057796,-118.9784425,19.805,39.0,0.11,0
5,36.8057796,-118.9784425,19.73,37.0,0.08,0
0,36.703279,-118.8856599,16.555,69.0,0.29,0
1,36.703279,-118.8856599,13.09,70.0,0.77,0
2,36.703279,-118.8856599,13.8,57.99999999999999,0.45,0
3,36.703279,-118.8856599,14.47,52.0,0.16,0
4,36.703279,-118.8856599,15.12,48.0,0.1,0
5,36.703279,-118.8856599,14.61,45.0,0.05,0
0,39.9937713,-121.7702586,25.8,47.0,0.46,0
1,39.9937713,-121.7702586,22.745,45.0,0.76,0
2,39.9937713,-121.7702586,22.805,48.0,0.16,0
3,39.9937713,-121.7702586,23.835,46.0,0.5,0
4,39.9937713,-121.7702586,24.1,41.0,0.41,0
5,39.9937713,-121.7702586,24.13,41.0,0.5,0
0,36.8352236,-118.9551088,21.455,57.99999999999999,0.2,0
1,36.8352236,-118.9551088,19.544999999999998,53.0,0.45,0
2,36.8352236,-118.9551088,20.705,44.0,0.28,0
3,36.8352236,-118.9551088,21.175,38.0,0.34,0
4,36.8352236,-118.9551088,21.590000000000003,37.0,0.1,0
5,36.8352236,-118.9551088,21.26,35.0,0.11,0
0,36.5196653,-118.685096,21.450000000000003,59.0,0.09,0
1,36.5196653,-118.685096,19.055,52.0,0.67,0
2,36.5196653,-118.685096,19.845,43.0,0.47,0
3,36.5196653,-118.685096,19.990000000000002,40.0,0.24,0
4,36.5196653,-118.685096,20.61,39.0,0.02,0
5,36.5196653,-118.685096,20.605,35.0,0.27,0
0,36.7482791,-118.9120506,19.325,62.0,0.18,0
1,36.7482791,-118.9120506,17.09,56.99999999999999,0.63,0
2,36.7482791,-118.9120506,18.35,46.0,0.38,0
3,36.7482791,-118.9120506,18.945,41.0,0.22,0
4,36.7482791,-118.9120506,19.095,39.0,0.08,0
5,36.7482791,-118.9120506,18.99,37.0,0.08,0
0,36.6813348,-118.8864929,16.09,70.0,0.29,0
1,36.6813348,-118.8864929,12.035,72.0,0.75,0
2,36.6813348,-118.8864929,13.27,57.99999999999999,0.44,0
3,36.6813348,-118.8864929,13.74,53.0,0.16,0
4,36.6813348,-118.8864929,14.065000000000001,49.0,0.09,0
5,36.6813348,-118.8864929,14.03,45.0,0.04,0
0,40.1954363,-121.8422073,26.935000000000002,45.0,0.25,0
1,40.1954363,-121.8422073,21.735,45.0,0.7,0
2,40.1954363,-121.8422073,21.65,49.0,0.14,0
3,40.1954363,-121.8422073,22.815,47.0,0.23,0
4,40.1954363,-121.8422073,22.91,41.0,0.26,0
5,40.1954363,-121.8422073,23.09,41.0,0.42,0
0,36.7168911,-118.9692741,19.325,63.0,0.12,0
1,36.7168911,-118.9692741,17.605,60.0,0.47,0
2,36.7168911,-118.9692741,18.68,49.0,0.31,0
3,36.7168911,-118.9692741,19.105,44.0,0.29,0
4,36.7168911,-118.9692741,19.475,42.0,0.07,0
5,36.7168911,-118.9692741,19.38,39.0,0.1,0
0,40.9565455,-121.9636088,25.54,43.0,0.46,0
1,40.9565455,-121.9636088,23.855,44.0,0.47,0
2,40.9565455,-121.9636088,23.31,56.00000000000001,0.75,0
3,40.9565455,-121.9636088,24.25,52.0,0.45,0
4,40.9565455,-121.9636088,24.845,43.0,0.57,0
5,40.9565455,-121.9636088,24.765,42.0,0.39,0
0,36.6510563,-118.8276016,16.825,68.0,0.32,0
1,36.6510563,-118.8276016,13.215,69.0,0.71,0
2,36.6510563,-118.8276016,14.275,56.00000000000001,0.44,0
3,36.6510563,-118.8276016,14.835,51.0,0.17,0
4,36.6510563,-118.8276016,15.125,48.0,0.08,0
5,36.6510563,-118.8276016,15.014999999999999,44.0,0.04,0
0,36.7496668,-118.8173252,18.51,64.0,0.27,0
1,36.7496668,-118.8173252,15.265,59.0,0.78,0
2,36.7496668,-118.8173252,16.634999999999998,48.0,0.45,0
3,36.7496668,-118.8173252,17.36,43.0,0.16,0
4,36.7496668,-118.8173252,17.585,40.0,0.11,0
5,36.7496668,-118.8173252,17.075,37.0,0.07,0
0,36.8082789,-118.93483,19.759999999999998,62.0,0.17,0
1,36.8082789,-118.93483,17.535,56.99999999999999,0.6,0
2,36.8082789,-118.93483,18.72,46.0,0.36,0
3,36.8082789,-118.93483,19.315,41.0,0.28,0
4,36.8082789,-118.93483,19.575,38.0,0.1,0
5,36.8082789,-118.93483,19.5,36.0,0.07,0
0,39.2262771,-122.8424939,26.275,25.0,1.23,0
1,39.2262771,-122.8424939,23.325000000000003,48.0,0.24,0
2,39.2262771,-122.8424939,23.575000000000003,49.0,0.45,0
3,39.2262771,-122.8424939,23.825,46.0,0.46,0
4,39.2262771,-122.8424939,24.045,53.0,0.27,0
5,39.2262771,-122.8424939,24.119999999999997,54.0,0.13,0
0,36.5296642,-118.6439843,20.17,60.0,0.14,0
1,36.5296642,-118.6439843,18.46,54.0,0.67,0
2,36.5296642,-118.6439843,19.205,45.0,0.47,0
3,36.5296642,-118.6439843,19.355,43.0,0.24,0
4,36.5296642,-118.6439843,20.060000000000002,41.0,0.02,0
5,36.5296642,-118.6439843,20.035,37.0,0.27,0
0,36.6938351,-118.9189942,18.98,62.0,0.16,0
1,36.6938351,-118.9189942,16.78,60.0,0.57,0
2,36.6938351,-118.9189942,17.88,49.0,0.38,0
3,36.6938351,-118.9189942,18.325,44.0,0.22,0
4,36.6938351,-118.9189942,18.71,43.0,0.05,0
5,36.6938351,-118.9189942,18.615000000000002,39.0,0.09,0
0,36.6166124,-118.8487127,19.79,60.0,0.2,0
1,36.6166124,-118.8487127,17.535,57.99999999999999,0.63,0
2,36.6166124,-118.8487127,18.445,48.0,0.45,0
3,36.6166124,-118.8487127,18.65,45.0,0.24,0
4,36.6166124,-118.8487127,19.185,43.0,0.02,0
5,36.6166124,-118.8487127,19.215,39.0,0.23,0
0,37.7493706,-119.8371218,22.0,50.0,0.38,0
1,37.7493706,-119.8371218,19.59,48.0,0.24,0
2,37.7493706,-119.8371218,20.65,41.0,0.12,0
3,37.7493706,-119.8371218,21.64,35.0,0.09,0
4,37.7493706,-119.8371218,22.145,34.0,0.06,0
5,37.7493706,-119.8371218,22.015,32.0,0.18,0
0,36.6324998,-118.8351014,17.525,67.0,0.31,0
1,36.6324998,-118.8351014,14.6,66.0,0.68,0
2,36.6324998,-118.8351014,15.48,54.0,0.44,0
3,36.6324998,-118.8351014,16.25,49.0,0.18,0
4,36.6324998,-118.8351014,16.665,47.0,0.06,0
5,36.6324998,-118.8351014,16.235,43.0,0.07,0
0,36.185501,-118.6281459,17.83,63.0,0.3,0
1,36.185501,-118.6281459,15.81,61.0,1.14,0
2,36.185501,-118.6281459,16.455000000000002,51.0,0.82,0
3,36.185501,-118.6281459,16.924999999999997,48.0,0.45,0
4,36.185501,-118.6281459,17.18,47.0,0.23,0
5,36.185501,-118.6281459,16.975,43.0,0.26,0
0,36.1280017,-118.6012003,19.490000000000002,56.99999999999999,0.87,0
1,36.1280017,-118.6012003,18.685000000000002,56.00000000000001,1.06,0
2,36.1280017,-118.6012003,18.8,47.0,0.78,0
3,36.1280017,-118.6012003,19.37,44.0,0.48,0
4,36.1280017,-118.6012003,19.725,44.0,0.21,0
5,36.1280017,-118.6012003,19.265,40.0,0.25,0
0,36.4049461,-118.7937079,18.825,60.0,0.04,0
1,36.4049461,-118.7937079,16.21,62.0,0.67,0
2,36.4049461,-118.7937079,17.08,52.0,0.46,0
3,36.4049461,-118.7937079,17.265,49.0,0.24,0
4,36.4049461,-118.7937079,17.735,47.0,0.02,0
5,36.4049461,-118.7937079,17.880000000000003,42.0,0.29,0
0,36.3091119,-118.7039824,18.71,63.0,0.3,0
1,36.3091119,-118.7039824,16.835,60.0,0.79,0
2,36.3091119,-118.7039824,17.34,50.0,0.46,0
3,36.3091119,-118.7039824,17.82,47.0,0.19,0
4,36.3091119,-118.7039824,18.38,45.0,0.05,0
5,36.3091119,-118.7039824,18.445,41.0,0.17,0
0,35.9821707,-118.5684207,18.21,57.99999999999999,1.56,0
1,35.9821707,-118.5684207,17.435000000000002,56.00000000000001,1.35,0
2,35.9821707,-118.5684207,17.455,48.0,1.05,0
3,35.9821707,-118.5684207,18.165,44.0,0.65,0
4,35.9821707,-118.5684207,18.814999999999998,45.0,0.35,0
5,35.9821707,-118.5684207,18.02,41.0,0.39,0
0,36.3332786,-118.7184274,18.395,62.0,0.11,0
1,36.3332786,-118.7184274,16.985,63.0,0.68,0
2,36.3332786,-118.7184274,17.275,53.0,0.45,0
3,36.3332786,-118.7184274,17.835,49.0,0.22,0
4,36.3332786,-118.7184274,18.415,48.0,0.03,0
5,36.3332786,-118.7184274,18.405,43.0,0.28,0
0,36.1393891,-118.5092545,18.45,60.0,0.65,0
1,36.1393891,-118.5092545,16.895,56.99999999999999,1.29,0
2,36.1393891,-118.5092545,17.285,48.0,0.99,0
3,36.1393891,-118.5092545,17.865000000000002,45.0,0.59,0
4,36.1393891,-118.5092545,18.25,45.0,0.32,0
5,36.1393891,-118.5092545,17.82,41.0,0.37,0
0,36.7473114,-118.9725968,19.275,63.0,0.11,0
1,36.7473114,-118.9725968,17.48,60.0,0.51,0
2,36.7473114,-118.9725968,18.6,49.0,0.31,0
3,36.7473114,-118.9725968,19.095,43.0,0.3,0
4,36.7473114,-118.9725968,19.395,42.0,0.08,0
5,36.7473114,-118.9725968,19.34,39.0,0.11,0
0,37.515215,-119.6040412,20.57,51.0,0.17,0
1,37.515215,-119.6040412,15.829999999999998,56.99999999999999,0.55,0
2,37.515215,-119.6040412,17.630000000000003,49.0,0.4,0
3,37.515215,-119.6040412,19.085,39.0,0.21,0
4,37.515215,-119.6040412,19.395,38.0,0.1,0
5,37.515215,-119.6040412,18.92,37.0,0.17,0
0,37.0216132,-119.100394,17.48,68.0,0.27,0
1,37.0216132,-119.100394,16.45,59.0,0.75,0
2,37.0216132,-119.100394,17.445,49.0,0.44,0
3,37.0216132,-119.100394,18.16,42.0,0.31,0
4,37.0216132,-119.100394,19.115,38.0,0.14,0
5,37.0216132,-119.100394,18.805,36.0,0.03,0
0,38.2813058,-120.3015844,22.335,47.0,0.14,0
1,38.2813058,-120.3015844,20.02,47.0,0.51,0
2,38.2813058,-120.3015844,20.81,41.0,0.17,0
3,38.2813058,-120.3015844,21.634999999999998,38.0,0.28,0
4,38.2813058,-120.3015844,22.46,38.0,0.2,0
5,38.2813058,-120.3015844,22.07,37.0,0.44,0
0,38.2451957,-120.2438042,22.205,47.0,0.14,0
1,38.2451957,-120.2438042,19.855,48.0,0.53,0
2,38.2451957,-120.2438042,20.57,41.0,0.17,0
3,38.2451957,-120.2438042,21.41,38.0,0.29,0
4,38.2451957,-120.2438042,22.29,39.0,0.2,0
5,38.2451957,-120.2438042,21.865000000000002,38.0,0.44,0
0,41.7903916,-124.0828556,15.34,89.0,1.15,0
1,41.7903916,-124.0828556,13.504999999999999,92.0,1.6,0
2,41.7903916,-124.0828556,15.4,92.0,1.28,0
3,41.7903916,-124.0828556,16.8,92.0,1.44,0
4,41.7903916,-124.0828556,17.174999999999997,90.0,2.2,0
5,41.7903916,-124.0828556,15.62,92.0,2.33,0
0,36.5891118,-118.7981551,18.725,63.0,0.19,0
1,36.5891118,-118.7981551,16.869999999999997,59.0,0.65,0
2,36.5891118,-118.7981551,17.81,49.0,0.45,0
3,36.5891118,-118.7981551,18.09,46.0,0.21,0
4,36.5891118,-118.7981551,18.625,43.0,0.02,0
5,36.5891118,-118.7981551,18.65,39.0,0.19,0
0,36.7471676,-118.8770494,18.785,63.0,0.23,0
1,36.7471676,-118.8770494,15.945,57.99999999999999,0.74,0
2,36.7471676,-118.8770494,17.25,47.0,0.43,0
3,36.7471676,-118.8770494,17.905,42.0,0.17,0
4,36.7471676,-118.8770494,18.14,39.0,0.1,0
5,36.7471676,-118.8770494,17.925,37.0,0.07,0
0,37.7688083,-119.8063771,21.925,49.0,0.2,0
1,37.7688083,-119.8063771,19.435,48.0,0.25,0
2,37.7688083,-119.8063771,20.475,42.0,0.12,0
3,37.7688083,-119.8063771,21.46,35.0,0.09,0
4,37.7688083,-119.8063771,22.0,34.0,0.07,0
5,37.7688083,-119.8063771,21.855,33.0,0.18,0
0,36.2399453,-118.6717585,19.05,61.0,0.3,0
1,36.2399453,-118.6717585,16.205,60.0,0.91,0
2,36.2399453,-118.6717585,16.955,50.0,0.58,0
3,36.2399453,-118.6717585,17.355,47.0,0.29,0
4,36.2399453,-118.6717585,17.645,46.0,0.1,0
5,36.2399453,-118.6717585,17.77,42.0,0.14,0
0,35.9238382,-118.5928654,17.915,56.99999999999999,1.48,0
1,35.9238382,-118.5928654,16.285,60.0,1.39,0
2,35.9238382,-118.5928654,16.47,50.0,1.06,0
3,35.9238382,-118.5928654,17.15,47.0,0.66,0
4,35.9238382,-118.5928654,17.795,47.0,0.36,0
5,35.9238382,-118.5928654,17.225,43.0,0.4,0
0,35.9793935,-118.6942553,18.285,57.99999999999999,1.31,0
1,35.9793935,-118.6942553,17.735,56.99999999999999,1.34,0
2,35.9793935,-118.6942553,17.77,48.0,1.01,0
3,35.9793935,-118.6942553,18.384999999999998,45.0,0.63,0
4,35.9793935,-118.6942553,18.810000000000002,45.0,0.32,0
5,35.9793935,-118.6942553,18.285,41.0,0.37,0
0,36.1352235,-118.5848112,19.12,56.99999999999999,0.98,0
1,36.1352235,-118.5848112,18.495,55.00000000000001,1.13,0
2,36.1352235,-118.5848112,18.59,47.0,0.84,0
3,36.1352235,-118.5848112,19.15,43.0,0.51,0
4,36.1352235,-118.5848112,19.55,44.0,0.24,0
5,36.1352235,-118.5848112,19.1,40.0,0.28,0
0,35.9827264,-118.6014766,18.095,56.00000000000001,0.85,0
1,35.9827264,-118.6014766,15.985000000000001,61.0,1.34,0
2,35.9827264,-118.6014766,16.215,51.0,1.04,0
3,35.9827264,-118.6014766,16.96,48.0,0.64,0
4,35.9827264,-118.6014766,17.675,48.0,0.35,0
5,35.9827264,-118.6014766,17.42,43.0,0.39,0
0,35.979393,-118.5820319,17.925,57.99999999999999,1.6,0
1,35.979393,-118.5820319,17.045,57.99999999999999,1.34,0
2,35.979393,-118.5820319,17.085,49.0,1.05,0
3,35.979393,-118.5820319,17.55,45.0,0.65,0
4,35.979393,-118.5820319,18.314999999999998,46.0,0.35,0
5,35.979393,-118.5820319,17.585,42.0,0.39,0
0,36.125779,-118.5650886,18.48,60.0,0.76,0
1,36.125779,-118.5650886,17.23,56.99999999999999,1.27,0
2,36.125779,-118.5650886,17.48,48.0,0.97,0
3,36.125779,-118.5650886,18.155,45.0,0.59,0
4,36.125779,-118.5650886,18.575000000000003,45.0,0.31,0
5,36.125779,-118.5650886,18.215,41.0,0.35,0
0,36.3577229,-118.7181499,18.97,61.0,0.23,0
1,36.3577229,-118.7181499,18.155,57.99999999999999,0.67,0
2,36.3577229,-118.7181499,18.625,49.0,0.46,0
3,36.3577229,-118.7181499,18.83,46.0,0.24,0
4,36.3577229,-118.7181499,19.59,44.0,0.03,0
5,36.3577229,-118.7181499,19.365,40.0,0.29,0
0,35.9341161,-118.6239769,18.66,56.99999999999999,1.56,0
1,35.9341161,-118.6239769,18.16,56.00000000000001,1.6,0
2,35.9341161,-118.6239769,18.15,48.0,1.13,0
3,35.9341161,-118.6239769,18.759999999999998,44.0,0.72,0
4,35.9341161,-118.6239769,19.15,45.0,0.39,0
5,35.9341161,-118.6239769,18.69,41.0,0.44,0
0,35.98606,-118.6561994,17.974999999999998,59.0,1.13,0
1,35.98606,-118.6561994,17.145,55.00000000000001,1.34,0
2,35.98606,-118.6561994,17.42,47.0,1.03,0
3,35.98606,-118.6561994,18.06,44.0,0.64,0
4,35.98606,-118.6561994,18.42,44.0,0.34,0
5,35.98606,-118.6561994,18.075,40.0,0.38,0
0,35.935227,-118.6053655,18.005000000000003,56.99999999999999,1.43,0
1,35.935227,-118.6053655,16.12,59.0,1.37,0
2,35.935227,-118.6053655,16.37,49.0,1.06,0
3,35.935227,-118.6053655,17.04,46.0,0.66,0
4,35.935227,-118.6053655,17.6,47.0,0.36,0
5,35.935227,-118.6053655,17.315,42.0,0.4,0
0,40.6512678,-121.7363786,20.695,48.0,0.6,0
1,40.6512678,-121.7363786,17.3,62.0,0.62,0
2,40.6512678,-121.7363786,17.735,72.0,0.68,0
3,40.6512678,-121.7363786,18.245,71.0,0.56,0
4,40.6512678,-121.7363786,19.330000000000002,59.0,0.73,0
5,40.6512678,-121.7363786,18.455,55.00000000000001,0.77,0
0,40.6518239,-121.6860988,19.275,52.0,0.69,0
1,40.6518239,-121.6860988,15.535,69.0,0.68,0
2,40.6518239,-121.6860988,15.870000000000001,79.0,0.45,0
3,40.6518239,-121.6860988,16.675,75.0,0.39,0
4,40.6518239,-121.6860988,17.6,63.0,0.67,0
5,40.6518239,-121.6860988,17.02,59.0,0.46,0
0,40.5546023,-121.6694306,22.71,45.0,0.31,0
1,40.5546023,-121.6694306,19.240000000000002,54.0,0.6,0
2,40.5546023,-121.6694306,19.68,62.0,0.51,0
3,40.5546023,-121.6694306,20.455,61.0,0.34,0
4,40.5546023,-121.6694306,20.76,52.0,0.72,0
5,40.5546023,-121.6694306,20.46,48.0,0.47,0
0,40.7812568,-122.7497442,26.55,36.0,0.74,0
1,40.7812568,-122.7497442,24.445,48.0,0.86,0
2,40.7812568,-122.7497442,24.700000000000003,53.0,0.76,0
3,40.7812568,-122.7497442,25.175,54.0,0.62,0
4,40.7812568,-122.7497442,25.1,50.0,0.74,0
5,40.7812568,-122.7497442,25.294999999999998,51.0,0.31,0
0,41.7887249,-124.0856334,15.434999999999999,89.0,1.1,0
1,41.7887249,-124.0856334,13.675,92.0,1.58,0
2,41.7887249,-124.0856334,15.45,91.0,1.27,0
3,41.7887249,-124.0856334,16.855,92.0,1.43,0
4,41.7887249,-124.0856334,17.22,90.0,2.18,0
5,41.7887249,-124.0856334,15.665,91.0,2.3,0
0,41.7859472,-124.0878557,15.465,89.0,1.07,0
1,41.7859472,-124.0878557,13.725000000000001,92.0,1.56,0
2,41.7859472,-124.0878557,15.510000000000002,91.0,1.24,0
3,41.7859472,-124.0878557,16.925,92.0,1.39,0
4,41.7859472,-124.0878557,17.28,90.0,2.13,0
5,41.7859472,-124.0878557,15.73,91.0,2.25,0
0,41.767892,-124.1098004,15.239999999999998,89.0,1.17,0
1,41.767892,-124.1098004,13.239999999999998,93.0,1.69,0
2,41.767892,-124.1098004,15.120000000000001,92.0,1.36,0
3,41.767892,-124.1098004,16.475,92.0,1.54,0
4,41.767892,-124.1098004,16.855,90.0,2.35,0
5,41.767892,-124.1098004,15.37,92.0,2.5,0
0,37.7715966,-122.473305,18.725,81.0,1.46,0
1,37.7715966,-122.473305,16.405,87.0,3.11,0
2,37.7715966,-122.473305,15.809999999999999,88.0,2.92,0
3,37.7715966,-122.473305,16.38,87.0,2.65,0
4,37.7715966,-122.473305,17.59,85.0,2.19,0
5,37.7715966,-122.473305,17.425,86.0,2.34,0
0,37.7660413,-122.4816384,18.73,81.0,1.44,0
1,37.7660413,-122.4816384,16.45,87.0,3.13,0
2,37.7660413,-122.4816384,15.905,88.0,2.94,0
3,37.7660413,-122.4816384,16.445,87.0,2.66,0
4,37.7660413,-122.4816384,17.56,85.0,2.2,0
5,37.7660413,-122.4816384,17.425,86.0,2.36,0
0,41.7662254,-124.1300788,15.575,87.0,0.95,0
1,41.7662254,-124.1300788,13.445,92.0,1.62,0
2,41.7662254,-124.1300788,15.34,91.0,1.29,0
3,41.7662254,-124.1300788,16.725,92.0,1.45,0
4,41.7662254,-124.1300788,17.060000000000002,90.0,2.21,0
5,41.7662254,-124.1300788,15.595,91.0,2.34,0
0,41.8062249,-124.1317464,15.745,87.0,0.91,0
1,41.8062249,-124.1317464,13.75,92.0,1.59,0
2,41.8062249,-124.1317464,15.495,91.0,1.28,0
3,41.8062249,-124.1317464,16.8,92.0,1.47,0
4,41.8062249,-124.1317464,17.225,90.0,2.24,0
5,41.8062249,-124.1317464,15.695,91.0,2.37,0
0,40.0587711,-121.7547033,27.185,44.0,0.38,0
1,40.0587711,-121.7547033,24.82,40.0,0.76,0
2,40.0587711,-121.7547033,24.705,43.0,0.12,0
3,40.0587711,-121.7547033,25.759999999999998,42.0,0.46,0
4,40.0587711,-121.7547033,26.130000000000003,37.0,0.38,0
5,40.0587711,-121.7547033,26.04,37.0,0.47,0
0,36.2252228,-118.6439801,19.975,56.00000000000001,0.42,0
1,36.2252228,-118.6439801,19.545,57.99999999999999,0.7,0
2,36.2252228,-118.6439801,19.939999999999998,49.0,0.46,0
3,36.2252228,-118.6439801,20.375,45.0,0.29,0
4,36.2252228,-118.6439801,20.595,46.0,0.14,0
5,36.2252228,-118.6439801,20.145,42.0,0.34,0
0,36.2413337,-118.6484248,18.61,59.0,0.55,0
1,36.2413337,-118.6484248,18.575,61.0,0.72,0
2,36.2413337,-118.6484248,19.04,51.0,0.47,0
3,36.2413337,-118.6484248,19.525,47.0,0.28,0
4,36.2413337,-118.6484248,19.77,48.0,0.12,0
5,36.2413337,-118.6484248,19.425,43.0,0.3,0
0,37.3854848,-118.177045,11.709999999999999,72.0,0.97,0
1,37.3854848,-118.177045,8.295,83.0,1.04,0
2,37.3854848,-118.177045,8.355,80.0,0.75,0
3,37.3854848,-118.177045,9.885,70.0,0.95,0
4,37.3854848,-118.177045,11.365,57.99999999999999,0.95,0
5,37.3854848,-118.177045,11.69,49.0,1.43,0
0,38.725742,-120.2282462,20.015,50.0,0.15,0
1,38.725742,-120.2282462,17.055,57.99999999999999,0.61,0
2,38.725742,-120.2282462,17.21,53.0,0.22,0
3,38.725742,-120.2282462,18.225,48.0,0.25,0
4,38.725742,-120.2282462,18.39,52.0,0.16,0
5,38.725742,-120.2282462,19.05,47.0,0.52,0
0,39.8707055,-123.8891904,24.845,54.0,0.47,0
1,39.8707055,-123.8891904,20.315,65.0,1.01,0
2,39.8707055,-123.8891904,20.255000000000003,72.0,0.93,0
3,39.8707055,-123.8891904,21.47,71.0,0.75,0
4,39.8707055,-123.8891904,22.6,69.0,1.08,0
5,39.8707055,-123.8891904,21.88,68.0,1.97,0
0,39.8898713,-123.9158576,24.615000000000002,60.0,0.16,0
1,39.8898713,-123.9158576,18.08,74.0,1.78,0
2,39.8898713,-123.9158576,17.85,80.0,1.41,0
3,39.8898713,-123.9158576,18.775,79.0,0.95,0
4,39.8898713,-123.9158576,19.715,75.0,2.18,0
5,39.8898713,-123.9158576,19.665,73.0,3.77,0
0,39.0790658,-123.4761208,20.66,65.0,0.67,0
1,39.0790658,-123.4761208,19.845,67.0,1.27,0
2,39.0790658,-123.4761208,19.68,72.0,1.11,0
3,39.0790658,-123.4761208,21.21,71.0,0.84,0
4,39.0790658,-123.4761208,22.16,70.0,0.92,0
5,39.0790658,-123.4761208,21.485,72.0,1.74,0
0,39.0707325,-123.4636206,21.02,65.0,0.62,0
1,39.0707325,-123.4636206,19.645,68.0,1.27,0
2,39.0707325,-123.4636206,19.425,73.0,1.1,0
3,39.0707325,-123.4636206,20.965,72.0,0.84,0
4,39.0707325,-123.4636206,21.905,72.0,0.92,0
5,39.0707325,-123.4636206,21.275,73.0,1.74,0
0,37.8989517,-122.5764582,19.195,78.0,1.5,0
1,37.8989517,-122.5764582,18.685000000000002,72.0,2.69,0
2,37.8989517,-122.5764582,18.115,76.0,2.39,0
3,37.8989517,-122.5764582,18.735,75.0,2.28,0
4,37.8989517,-122.5764582,19.705,74.0,1.95,0
5,37.8989517,-122.5764582,19.875,74.0,1.95,0
0,38.1277,-122.894995,19.025,81.0,1.01,0
1,38.1277,-122.894995,15.915,83.0,2.74,0
2,38.1277,-122.894995,15.98,84.0,2.55,0
3,38.1277,-122.894995,16.55,84.0,2.17,0
4,38.1277,-122.894995,18.02,81.0,1.85,0
5,38.1277,-122.894995,18.32,80.0,2.5,0
0,37.8960372,-122.6135912,19.14,73.0,1.97,0
1,37.8960372,-122.6135912,22.87,54.0,2.63,0
2,37.8960372,-122.6135912,22.325000000000003,56.00000000000001,2.31,0
3,37.8960372,-122.6135912,22.955,56.00000000000001,2.2,0
4,37.8960372,-122.6135912,24.13,55.00000000000001,1.88,0
5,37.8960372,-122.6135912,24.335,55.00000000000001,1.93,0
0,37.8957594,-122.576089,19.13,79.0,1.47,0
1,37.8957594,-122.576089,17.765,76.0,2.7,0
2,37.8957594,-122.576089,17.195,80.0,2.4,0
3,37.8957594,-122.576089,17.815,80.0,2.28,0
4,37.8957594,-122.576089,18.765,79.0,1.95,0
5,37.8957594,-122.576089,18.945,79.0,1.96,0
0,38.5207461,-123.2422297,19.759999999999998,80.0,0.54,0
1,38.5207461,-123.2422297,15.475,88.0,2.38,0
2,38.5207461,-123.2422297,15.544999999999998,89.0,2.05,0
3,38.5207461,-123.2422297,15.845,89.0,1.57,0
4,38.5207461,-123.2422297,17.575,85.0,1.65,0
5,38.5207461,-123.2422297,18.21,83.0,3.3,0
0,38.5232461,-123.2463965,19.755,80.0,0.54,0
1,38.5232461,-123.2463965,15.420000000000002,88.0,2.4,0
2,38.5232461,-123.2463965,15.489999999999998,89.0,2.07,0
3,38.5232461,-123.2463965,15.785,89.0,1.57,0
4,38.5232461,-123.2463965,17.525,85.0,1.65,0
5,38.5232461,-123.2463965,18.155,83.0,3.34,0
0,40.0198688,-123.7914149,25.380000000000003,56.99999999999999,0.26,0
1,40.0198688,-123.7914149,21.634999999999998,59.0,1.0,0
2,40.0198688,-123.7914149,21.6,70.0,0.83,0
3,40.0198688,-123.7914149,22.705,69.0,0.72,0
4,40.0198688,-123.7914149,23.485,67.0,0.96,0
5,40.0198688,-123.7914149,22.985,66.0,1.68,0
0,37.9704796,-122.6524831,19.03,76.0,1.96,0
1,37.9704796,-122.6524831,20.125,64.0,2.39,0
2,37.9704796,-122.6524831,19.545,68.0,1.98,0
3,37.9704796,-122.6524831,20.295,68.0,2.01,0
4,37.9704796,-122.6524831,21.740000000000002,67.0,1.74,0
5,37.9704796,-122.6524831,21.715,67.0,1.65,0
0,37.9865902,-122.6497053,20.255000000000003,72.0,3.48,0
1,37.9865902,-122.6497053,20.365000000000002,63.0,2.36,0
2,37.9865902,-122.6497053,19.755,67.0,1.94,0
3,37.9865902,-122.6497053,20.52,67.0,1.99,0
4,37.9865902,-122.6497053,21.97,66.0,1.73,0
5,37.9865902,-122.6497053,21.98,66.0,1.61,0
0,38.5607393,-121.416342,26.655,50.0,1.52,0
1,38.5607393,-121.416342,25.205,48.0,2.84,0
2,38.5607393,-121.416342,24.590000000000003,50.0,2.63,0
3,38.5607393,-121.416342,25.349999999999998,50.0,2.49,0
4,38.5607393,-121.416342,26.700000000000003,47.0,2.22,0
5,38.5607393,-121.416342,27.125,49.0,2.33,0
0,37.6921514,-121.1874389,27.79,45.0,1.71,0
1,37.6921514,-121.1874389,26.185,46.0,2.49,0
2,37.6921514,-121.1874389,25.009999999999998,43.0,2.78,0
3,37.6921514,-121.1874389,25.38,43.0,2.91,0
4,37.6921514,-121.1874389,26.37,43.0,2.6,0
5,37.6921514,-121.1874389,27.17,45.0,2.0,0
0,37.9568682,-121.3455029,26.869999999999997,47.0,1.8,0
1,37.9568682,-121.3455029,25.505000000000003,47.0,2.24,0
2,37.9568682,-121.3455029,24.305,49.0,2.61,0
3,37.9568682,-121.3455029,24.75,49.0,2.77,0
4,37.9568682,-121.3455029,26.045,48.0,2.46,0
5,37.9568682,-121.3455029,26.835,48.0,2.17,0
0,36.5213505,-121.9516221,17.955,89.0,1.18,0
1,36.5213505,-121.9516221,15.895,91.0,2.45,0
2,36.5213505,-121.9516221,14.89,91.0,2.89,0
3,36.5213505,-121.9516221,14.91,91.0,2.56,0
4,36.5213505,-121.9516221,16.05,87.0,2.05,0
5,36.5213505,-121.9516221,15.865000000000002,90.0,2.55,0
0,36.996362,-121.9552879,21.095,77.0,0.24,0
1,36.996362,-121.9552879,17.5,85.0,1.52,0
2,36.996362,-121.9552879,16.875,85.0,1.39,0
3,36.996362,-121.9552879,17.125,84.0,1.5,0
4,36.996362,-121.9552879,18.89,77.0,1.3,0
5,36.996362,-121.9552879,18.305,82.0,1.22,0
0,36.9926464,-121.793395,21.509999999999998,74.0,0.29,0
1,36.9926464,-121.793395,18.759999999999998,81.0,1.63,0
2,36.9926464,-121.793395,18.45,79.0,1.51,0
3,36.9926464,-121.793395,18.58,78.0,1.55,0
4,36.9926464,-121.793395,20.23,72.0,1.26,0
5,36.9926464,-121.793395,19.9,76.0,1.26,0
0,37.0377831,-122.0613582,22.134999999999998,74.0,0.14,0
1,37.0377831,-122.0613582,19.12,77.0,1.64,0
2,37.0377831,-122.0613582,18.384999999999998,76.0,1.71,0
3,37.0377831,-122.0613582,18.634999999999998,75.0,1.68,0
4,37.0377831,-122.0613582,20.16,70.0,1.5,0
5,37.0377831,-122.0613582,19.695,74.0,1.41,0
0,37.0017006,-122.0021856,20.880000000000003,76.0,0.15,0
1,37.0017006,-122.0021856,17.59,83.0,1.49,0
2,37.0017006,-122.0021856,16.67,83.0,1.38,0
3,37.0017006,-122.0021856,17.005,83.0,1.5,0
4,37.0017006,-122.0021856,18.505000000000003,78.0,1.32,0
5,37.0017006,-122.0021856,18.085,83.0,1.2,0
0,36.9919853,-122.0117866,20.605,77.0,0.19,0
1,36.9919853,-122.0117866,17.225,84.0,1.55,0
2,36.9919853,-122.0117866,16.259999999999998,84.0,1.52,0
3,36.9919853,-122.0117866,16.59,84.0,1.59,0
4,36.9919853,-122.0117866,18.055,79.0,1.39,0
5,36.9919853,-122.0117866,17.64,84.0,1.32,0
0,37.024742,-122.0578135,22.115000000000002,74.0,0.15,0
1,37.024742,-122.0578135,19.23,79.0,1.63,0
2,37.024742,-122.0578135,18.45,78.0,1.7,0
3,37.024742,-122.0578135,18.73,77.0,1.68,0
4,37.024742,-122.0578135,20.115000000000002,72.0,1.51,0
5,37.024742,-122.0578135,19.75,76.0,1.41,0
0,37.020842,-122.0552671,22.145,74.0,0.15,0
1,37.020842,-122.0552671,19.15,79.0,1.65,0
2,37.020842,-122.0552671,18.375,78.0,1.71,0
3,37.020842,-122.0552671,18.655,77.0,1.69,0
4,37.020842,-122.0552671,20.04,72.0,1.52,0
5,37.020842,-122.0552671,19.675,76.0,1.43,0
0,36.9820013,-122.0392366,20.8,77.0,0.27,0
1,36.9820013,-122.0392366,16.775,87.0,1.71,0
2,36.9820013,-122.0392366,16.06,87.0,1.82,0
3,36.9820013,-122.0392366,16.29,87.0,1.78,0
4,36.9820013,-122.0392366,17.689999999999998,82.0,1.57,0
5,36.9820013,-122.0392366,17.345,86.0,1.59,0
0,37.229974,-122.1072774,24.355,50.0,0.45,0
1,37.229974,-122.1072774,22.155,57.99999999999999,1.45,0
2,37.229974,-122.1072774,21.555,57.99999999999999,1.65,0
3,37.229974,-122.1072774,21.775,56.99999999999999,1.51,0
4,37.229974,-122.1072774,22.65,56.99999999999999,1.14,0
5,37.229974,-122.1072774,22.89,60.0,1.17,0
0,37.2340912,-122.1441027,23.200000000000003,60.0,0.37,0
1,37.2340912,-122.1441027,22.15,60.0,1.45,0
2,37.2340912,-122.1441027,21.18,62.0,1.71,0
3,37.2340912,-122.1441027,21.59,60.0,1.53,0
4,37.2340912,-122.1441027,22.135,60.0,1.21,0
5,37.2340912,-122.1441027,22.225,63.0,1.21,0
0,37.2387616,-122.1463766,23.8,54.0,0.33,0
1,37.2387616,-122.1463766,22.605,59.0,1.45,0
2,37.2387616,-122.1463766,21.755000000000003,61.0,1.71,0
3,37.2387616,-122.1463766,22.075000000000003,59.0,1.53,0
4,37.2387616,-122.1463766,22.725,59.0,1.21,0
5,37.2387616,-122.1463766,22.93,62.0,1.21,0
0,37.2436514,-122.1426927,24.095,53.0,0.3,0
1,37.2436514,-122.1426927,22.494999999999997,59.0,1.44,0
2,37.2436514,-122.1426927,21.759999999999998,60.0,1.7,0
3,37.2436514,-122.1426927,22.065,59.0,1.52,0
4,37.2436514,-122.1426927,22.725,59.0,1.2,0
5,37.2436514,-122.1426927,22.98,62.0,1.2,0
0,37.2457408,-122.1386798,24.085,53.0,0.3,0
1,37.2457408,-122.1386798,22.16,59.0,1.44,0
2,37.2457408,-122.1386798,21.295,61.0,1.69,0
3,37.2457408,-122.1386798,21.625,59.0,1.52,0
4,37.2457408,-122.1386798,22.200000000000003,59.0,1.18,0
5,37.2457408,-122.1386798,22.395,62.0,1.19,0
0,37.5276232,-118.1981981,8.81,79.0,1.23,0
1,37.5276232,-118.1981981,6.79,87.0,1.06,0
2,37.5276232,-118.1981981,6.985,83.0,0.69,0
3,37.5276232,-118.1981981,8.335,73.0,0.9,0
4,37.5276232,-118.1981981,9.76,62.0,0.93,0
5,37.5276232,-118.1981981,10.145,53.0,1.36,0
0,37.1091184,-121.4798653,23.795,59.0,0.96,0
1,37.1091184,-121.4798653,24.41,56.00000000000001,2.35,0
2,37.1091184,-121.4798653,23.155,54.0,1.89,0
3,37.1091184,-121.4798653,23.96,53.0,1.73,0
4,37.1091184,-121.4798653,24.619999999999997,50.0,1.43,0
5,37.1091184,-121.4798653,24.935,53.0,1.58,0
0,37.0428811,-122.0539437,22.125,73.0,0.13,0
1,37.0428811,-122.0539437,19.669999999999998,76.0,1.58,0
2,37.0428811,-122.0539437,18.880000000000003,76.0,1.62,0
3,37.0428811,-122.0539437,19.215,74.0,1.62,0
4,37.0428811,-122.0539437,20.575000000000003,70.0,1.41,0
5,37.0428811,-122.0539437,20.2,74.0,1.32,0
0,36.998227,-121.906476,21.435000000000002,75.0,0.2,0
1,36.998227,-121.906476,17.895,83.0,1.54,0
2,36.998227,-121.906476,17.36,83.0,1.37,0
3,36.998227,-121.906476,17.595,82.0,1.49,0
4,36.998227,-121.906476,19.25,76.0,1.27,0
5,36.998227,-121.906476,18.805,80.0,1.2,0
0,36.994672,-121.906255,21.384999999999998,75.0,0.21,0
1,36.994672,-121.906255,17.695,84.0,1.54,0
2,36.994672,-121.906255,17.155,84.0,1.39,0
3,36.994672,-121.906255,17.385,83.0,1.5,0
4,36.994672,-121.906255,19.1,76.0,1.28,0
5,36.994672,-121.906255,18.605,81.0,1.21,0
0,36.9877863,-121.9068158,21.23,75.0,0.24,0
1,36.9877863,-121.9068158,17.125,86.0,1.56,0
2,36.9877863,-121.9068158,16.555,86.0,1.43,0
3,36.9877863,-121.9068158,16.78,85.0,1.53,0
4,36.9877863,-121.9068158,18.53,78.0,1.29,0
5,36.9877863,-121.9068158,18.035,83.0,1.26,0
0,36.9880933,-121.9080248,21.225,75.0,0.24,0
1,36.9880933,-121.9080248,17.085,86.0,1.56,0
2,36.9880933,-121.9080248,16.515,86.0,1.43,0
3,36.9880933,-121.9080248,16.75,85.0,1.53,0
4,36.9880933,-121.9080248,18.495,78.0,1.29,0
5,36.9880933,-121.9080248,17.995,83.0,1.26,0
0,37.2287564,-122.0821658,24.425,52.0,0.46,0
1,37.2287564,-122.0821658,23.195,56.00000000000001,1.44,0
2,37.2287564,-122.0821658,22.535,56.00000000000001,1.6,0
3,37.2287564,-122.0821658,22.814999999999998,55.00000000000001,1.48,0
4,37.2287564,-122.0821658,23.585,55.00000000000001,1.09,0
5,37.2287564,-122.0821658,23.865000000000002,57.99999999999999,1.15,0
0,38.1443239,-122.6048146,19.130000000000003,78.0,1.32,0
1,38.1443239,-122.6048146,20.07,69.0,2.77,0
2,38.1443239,-122.6048146,19.615,72.0,2.1,0
3,38.1443239,-122.6048146,20.325000000000003,72.0,2.15,0
4,38.1443239,-122.6048146,21.56,70.0,1.81,0
5,38.1443239,-122.6048146,21.990000000000002,70.0,1.65,0
0,36.3407773,-121.6018231,24.75,43.0,1.53,0
1,36.3407773,-121.6018231,21.700000000000003,60.0,1.82,0
2,36.3407773,-121.6018231,21.375,52.0,1.69,0
3,36.3407773,-121.6018231,21.869999999999997,51.0,1.68,0
4,36.3407773,-121.6018231,21.895,50.0,1.48,0
5,36.3407773,-121.6018231,22.2,52.0,1.1,0
0,37.0150176,-121.9278294,21.73,74.0,0.17,0
1,37.0150176,-121.9278294,18.535,81.0,1.52,0
2,37.0150176,-121.9278294,17.975,80.0,1.36,0
3,37.0150176,-121.9278294,18.245,79.0,1.48,0
4,37.0150176,-121.9278294,19.755000000000003,73.0,1.26,0
5,37.0150176,-121.9278294,19.395,78.0,1.18,0
0,37.2303732,-121.9260481,22.505000000000003,71.0,0.36,0
1,37.2303732,-121.9260481,22.315,64.0,1.52,0
2,37.2303732,-121.9260481,21.5,64.0,1.39,0
3,37.2303732,-121.9260481,22.2,61.0,1.37,0
4,37.2303732,-121.9260481,22.925,59.0,0.97,0
5,37.2303732,-121.9260481,23.04,64.0,1.12,0
0,40.440398,-123.9864717,18.14,84.0,0.76,0
1,40.440398,-123.9864717,16.285,80.0,1.63,0
2,40.440398,-123.9864717,18.735,83.0,1.0,0
3,40.440398,-123.9864717,20.085,82.0,0.79,0
4,40.440398,-123.9864717,19.975,82.0,1.17,0
5,40.440398,-123.9864717,18.205,84.0,1.49,0
0,38.1964812,-122.9554194,18.935000000000002,81.0,0.86,0
1,38.1964812,-122.9554194,14.41,92.0,2.79,0
2,38.1964812,-122.9554194,14.485,93.0,2.6,0
3,38.1964812,-122.9554194,15.004999999999999,93.0,2.22,0
4,38.1964812,-122.9554194,16.47,90.0,1.88,0
5,38.1964812,-122.9554194,16.975,88.0,2.54,0
0,42.728287,-124.283477,18.57,72.0,0.72,0
1,42.728287,-124.283477,18.1,76.0,1.42,0
2,42.728287,-124.283477,21.009999999999998,75.0,1.8,0
3,42.728287,-124.283477,22.215,73.0,1.88,0
4,42.728287,-124.283477,20.189999999999998,73.0,1.72,0
5,42.728287,-124.283477,18.585,73.0,1.69,0
0,42.726518,-124.056475,19.645,65.0,0.65,0
1,42.726518,-124.056475,19.045,70.0,0.99,0
2,42.726518,-124.056475,22.490000000000002,71.0,1.28,0
3,42.726518,-124.056475,23.795,70.0,1.35,0
4,42.726518,-124.056475,22.175,67.0,1.11,0
5,42.726518,-124.056475,20.4,68.0,1.09,0
0,42.594123,-124.029982,22.735,48.0,0.55,0
1,42.594123,-124.029982,19.85,63.0,0.55,0
2,42.594123,-124.029982,22.825,69.0,0.99,0
3,42.594123,-124.029982,24.424999999999997,69.0,1.11,0
4,42.594123,-124.029982,23.355,66.0,0.8,0
5,42.594123,-124.029982,21.71,67.0,0.71,0
0,42.439676,-124.12572,21.64,52.0,0.46,0
1,42.439676,-124.12572,18.6,68.0,0.65,0
2,42.439676,-124.12572,21.59,75.0,0.94,0
3,42.439676,-124.12572,23.305,75.0,1.06,0
4,42.439676,-124.12572,22.265,73.0,0.9,0
5,42.439676,-124.12572,20.595,74.0,0.76,0
0,42.442786,-123.8367,23.005000000000003,43.0,0.51,0
1,42.442786,-123.8367,20.990000000000002,55.00000000000001,0.4,0
2,42.442786,-123.8367,23.84,64.0,0.96,0
3,42.442786,-123.8367,25.1,65.0,1.07,0
4,42.442786,-123.8367,24.409999999999997,64.0,0.72,0
5,42.442786,-123.8367,22.985,67.0,0.54,0
0,42.315131,-124.075141,21.07,53.0,0.38,0
1,42.315131,-124.075141,18.695,67.0,0.55,0
2,42.315131,-124.075141,21.715,74.0,0.63,0
3,42.315131,-124.075141,23.45,75.0,0.68,0
4,42.315131,-124.075141,22.825,74.0,0.56,0
5,42.315131,-124.075141,21.240000000000002,76.0,0.38,0
0,42.220669,-123.778895,21.81,51.0,0.25,0
1,42.220669,-123.778895,19.24,57.99999999999999,0.76,0
2,42.220669,-123.778895,21.64,70.0,0.97,0
3,42.220669,-123.778895,22.655,74.0,1.13,0
4,42.220669,-123.778895,22.215000000000003,74.0,0.6,0
5,42.220669,-123.778895,21.08,78.0,0.31,0
0,42.092563,-123.953512,21.23,47.0,0.72,0
1,42.092563,-123.953512,18.875,63.0,0.63,0
2,42.092563,-123.953512,21.765,71.0,0.48,0
3,42.092563,-123.953512,23.43,73.0,0.59,0
4,42.092563,-123.953512,22.9,75.0,0.29,0
5,42.092563,-123.953512,21.61,78.0,0.21,0
0,42.674392,-123.350101,22.240000000000002,41.0,0.67,0
1,42.674392,-123.350101,21.97,52.0,1.29,0
2,42.674392,-123.350101,24.1,63.0,1.27,0
3,42.674392,-123.350101,25.195,63.0,1.35,0
4,42.674392,-123.350101,24.619999999999997,60.0,1.1,0
5,42.674392,-123.350101,23.54,64.0,0.99,0
0,42.302802,-123.107382,22.384999999999998,33.0,0.68,0
1,42.302802,-123.107382,20.77,51.0,0.62,0
2,42.302802,-123.107382,22.425,63.0,0.53,0
3,42.302802,-123.107382,23.655,61.0,0.47,0
4,42.302802,-123.107382,22.835,64.0,0.52,0
5,42.302802,-123.107382,22.055,69.0,0.52,0
0,42.444126,-122.312435,13.79,46.0,1.86,0
1,42.444126,-122.312435,11.959999999999999,72.0,0.15,0
2,42.444126,-122.312435,11.93,86.0,0.56,0
3,42.444126,-122.312435,13.135,75.0,0.96,0
4,42.444126,-122.312435,13.555,82.0,0.66,0
5,42.444126,-122.312435,12.615,88.0,0.46,0
0,42.108251,-123.3122,18.189999999999998,52.0,1.12,0
1,42.108251,-123.3122,16.42,63.0,0.11,0
2,42.108251,-123.3122,17.64,79.0,0.97,0
3,42.108251,-123.3122,18.169999999999998,80.0,0.66,0
4,42.108251,-123.3122,17.495,83.0,0.43,0
5,42.108251,-123.3122,16.92,84.0,0.46,0
0,42.258638,-123.664053,22.655,45.0,0.22,0
1,42.258638,-123.664053,20.37,53.0,0.71,0
2,42.258638,-123.664053,22.63,65.0,1.01,0
3,42.258638,-123.664053,23.57,69.0,1.18,0
4,42.258638,-123.664053,23.18,69.0,0.66,0
5,42.258638,-123.664053,22.11,73.0,0.39,0
0,42.330781,-123.665092,22.825,35.0,0.95,0
1,42.330781,-123.665092,19.97,55.00000000000001,0.55,0
2,42.330781,-123.665092,22.189999999999998,67.0,1.06,0
3,42.330781,-123.665092,22.88,71.0,1.18,0
4,42.330781,-123.665092,22.435,70.0,0.74,0
5,42.330781,-123.665092,21.365000000000002,73.0,0.51,0
0,43.913235,-123.789078,17.580000000000002,78.0,0.57,0
1,43.913235,-123.789078,19.68,76.0,1.35,0
2,43.913235,-123.789078,21.735,75.0,1.18,0
3,43.913235,-123.789078,22.07,70.0,1.11,0
4,43.913235,-123.789078,21.11,69.0,1.28,0
5,43.913235,-123.789078,19.975,73.0,1.33,0
0,43.192056,-122.092337,16.86,34.0,0.84,0
1,43.192056,-122.092337,16.6,44.0,0.65,0
2,43.192056,-122.092337,16.85,48.0,1.39,0
3,43.192056,-122.092337,17.315,49.0,1.37,0
4,43.192056,-122.092337,17.285,62.0,0.64,0
5,43.192056,-122.092337,16.44,77.0,0.41,0
0,41.958618,-122.958893,18.08,49.0,0.93,0
1,41.958618,-122.958893,16.66,65.0,0.45,0
2,41.958618,-122.958893,17.25,80.0,0.85,0
3,41.958618,-122.958893,17.595,78.0,0.43,0
4,41.958618,-122.958893,17.455,79.0,0.24,0
5,41.958618,-122.958893,16.924999999999997,78.0,0.55,0
0,42.124461,-122.72621,21.935,35.0,0.89,0
1,42.124461,-122.72621,21.775,46.0,0.28,0
2,42.124461,-122.72621,21.935000000000002,57.99999999999999,0.67,0
3,42.124461,-122.72621,22.994999999999997,53.0,0.38,0
4,42.124461,-122.72621,22.855,55.00000000000001,0.36,0
5,42.124461,-122.72621,22.045,56.99999999999999,0.56,0
0,41.972445,-123.779523,22.345,47.0,0.53,0
1,41.972445,-123.779523,19.4,54.0,0.58,0
2,41.972445,-123.779523,21.575000000000003,66.0,0.76,0
3,41.972445,-123.779523,22.795,68.0,0.79,0
4,41.972445,-123.779523,22.235,72.0,0.38,0
5,41.972445,-123.779523,21.405,75.0,0.17,0
0,41.088402,-122.894051,22.55,41.0,0.44,0
1,41.088402,-122.894051,19.65,59.0,0.87,0
2,41.088402,-122.894051,20.265,67.0,0.53,0
3,41.088402,-122.894051,20.845,64.0,0.76,0
4,41.088402,-122.894051,20.58,61.0,0.75,0
5,41.088402,-122.894051,20.96,57.99999999999999,0.42,0
0,41.803327,-123.26329,24.435000000000002,39.0,0.47,0
1,41.803327,-123.26329,22.085,47.0,0.21,0
2,41.803327,-123.26329,23.58,56.99999999999999,0.86,0
3,41.803327,-123.26329,23.775,59.0,0.68,0
4,41.803327,-123.26329,23.060000000000002,63.0,0.51,0
5,41.803327,-123.26329,22.814999999999998,63.0,0.53,0
0,41.921956,-123.911636,22.34,42.0,0.72,0
1,41.921956,-123.911636,19.795,59.0,0.62,0
2,41.921956,-123.911636,22.52,68.0,0.51,0
3,41.921956,-123.911636,23.9,69.0,0.6,0
4,41.921956,-123.911636,23.205,72.0,0.21,0
5,41.921956,-123.911636,22.26,75.0,0.2,0
0,41.90502,-123.609172,20.119999999999997,42.0,1.92,0
1,41.90502,-123.609172,18.465,56.00000000000001,0.2,0
2,41.90502,-123.609172,19.81,70.0,0.9,0
3,41.90502,-123.609172,20.815,72.0,0.88,0
4,41.90502,-123.609172,20.1,76.0,0.5,0
5,41.90502,-123.609172,19.585,78.0,0.38,0
0,41.896062,-123.350811,24.255,38.0,0.51,0
1,41.896062,-123.350811,21.01,47.0,0.04,0
2,41.896062,-123.350811,22.655,57.99999999999999,0.9,0
3,41.896062,-123.350811,23.24,59.0,0.79,0
4,41.896062,-123.350811,22.245,63.0,0.52,0
5,41.896062,-123.350811,21.755,65.0,0.48,0
0,41.905794,-123.081617,24.805,34.0,0.46,0
1,41.905794,-123.081617,21.96,46.0,0.25,0
2,41.905794,-123.081617,22.884999999999998,56.00000000000001,0.85,0
3,41.905794,-123.081617,23.245,56.00000000000001,0.44,0
4,41.905794,-123.081617,22.585,59.0,0.33,0
5,41.905794,-123.081617,22.32,59.0,0.51,0
0,41.754431,-123.815878,22.509999999999998,41.0,0.61,0
1,41.754431,-123.815878,19.935000000000002,54.0,0.32,0
2,41.754431,-123.815878,22.11,67.0,0.47,0
3,41.754431,-123.815878,23.23,68.0,0.7,0
4,41.754431,-123.815878,22.35,72.0,0.35,0
5,41.754431,-123.815878,21.515,75.0,0.2,0
0,41.701236,-124.009169,20.525,68.0,0.51,0
1,41.701236,-124.009169,16.545,77.0,0.65,0
2,41.701236,-124.009169,18.735,81.0,0.29,0
3,41.701236,-124.009169,21.09,81.0,0.3,0
4,41.701236,-124.009169,20.79,82.0,0.34,0
5,41.701236,-124.009169,18.955,82.0,0.46,0
0,41.790903,-122.878588,25.275,34.0,0.35,0
1,41.790903,-122.878588,22.47,48.0,0.34,0
2,41.790903,-122.878588,22.365,57.99999999999999,0.81,0
3,41.790903,-122.878588,23.2,59.0,0.3,0
4,41.790903,-122.878588,22.84,60.0,0.26,0
5,41.790903,-122.878588,22.79,57.99999999999999,0.45,0
0,41.67164,-123.619175,21.84,41.0,0.48,0
1,41.67164,-123.619175,20.810000000000002,53.0,0.23,0
2,41.67164,-123.619175,21.845,66.0,0.59,0
3,41.67164,-123.619175,22.58,67.0,0.82,0
4,41.67164,-123.619175,21.575,70.0,0.48,0
5,41.67164,-123.619175,21.009999999999998,73.0,0.4,0
0,41.73689,-123.330569,23.67,41.0,0.51,0
1,41.73689,-123.330569,22.310000000000002,46.0,0.06,0
2,41.73689,-123.330569,23.895000000000003,56.99999999999999,0.83,0
3,41.73689,-123.330569,24.435000000000002,59.0,0.77,0
4,41.73689,-123.330569,23.445,62.0,0.55,0
5,41.73689,-123.330569,23.125,64.0,0.51,0
0,41.553102,-123.283286,21.065,34.0,1.93,0
1,41.553102,-123.283286,19.189999999999998,56.00000000000001,0.42,0
2,41.553102,-123.283286,19.835,67.0,0.48,0
3,41.553102,-123.283286,20.27,69.0,0.84,0
4,41.553102,-123.283286,19.32,69.0,0.63,0
5,41.553102,-123.283286,19.725,68.0,0.52,0
0,41.56732,-123.888672,20.785,47.0,0.6,0
1,41.56732,-123.888672,19.549999999999997,62.0,0.62,0
2,41.56732,-123.888672,21.064999999999998,71.0,0.33,0
3,41.56732,-123.888672,22.134999999999998,71.0,0.53,0
4,41.56732,-123.888672,20.98,73.0,0.39,0
5,41.56732,-123.888672,20.17,76.0,0.56,0
0,41.420023,-123.617172,22.36,34.0,0.52,0
1,41.420023,-123.617172,20.27,55.00000000000001,0.25,0
2,41.420023,-123.617172,21.36,68.0,0.35,0
3,41.420023,-123.617172,22.175,68.0,0.74,0
4,41.420023,-123.617172,21.08,69.0,0.47,0
5,41.420023,-123.617172,20.490000000000002,72.0,0.53,0
0,41.319029,-123.323546,24.674999999999997,32.0,0.56,0
1,41.319029,-123.323546,21.805,50.0,0.33,0
2,41.319029,-123.323546,22.815,60.0,0.55,0
3,41.319029,-123.323546,23.32,60.0,0.93,0
4,41.319029,-123.323546,21.99,59.0,0.63,0
5,41.319029,-123.323546,22.555,59.0,0.47,0
0,41.382888,-123.01318,25.285,32.0,0.72,0
1,41.382888,-123.01318,21.63,49.0,0.77,0
2,41.382888,-123.01318,22.165,57.99999999999999,0.47,0
3,41.382888,-123.01318,22.655,59.0,0.53,0
4,41.382888,-123.01318,21.98,59.0,0.36,0
5,41.382888,-123.01318,22.275,56.99999999999999,0.42,0
0,41.123014,-123.448901,25.41,35.0,0.36,0
1,41.123014,-123.448901,22.11,52.0,0.21,0
2,41.123014,-123.448901,23.415,60.0,0.51,0
3,41.123014,-123.448901,24.064999999999998,57.99999999999999,0.62,0
4,41.123014,-123.448901,22.67,59.0,0.55,0
5,41.123014,-123.448901,22.935000000000002,61.0,0.43,0
0,41.10352,-123.115432,26.26,34.0,0.23,0
1,41.10352,-123.115432,22.585,51.0,0.41,0
2,41.10352,-123.115432,23.32,59.0,0.64,0
3,41.10352,-123.115432,23.740000000000002,56.99999999999999,0.84,0
4,41.10352,-123.115432,22.76,56.99999999999999,0.71,0
5,41.10352,-123.115432,23.46,56.99999999999999,0.48,0
0,41.233651,-122.820281,21.53,42.0,0.47,0
1,41.233651,-122.820281,19.02,62.0,1.0,0
2,41.233651,-122.820281,19.37,72.0,0.29,0
3,41.233651,-122.820281,19.92,68.0,0.61,0
4,41.233651,-122.820281,20.04,65.0,0.65,0
5,41.233651,-122.820281,20.255,59.0,0.4,0
0,41.011538,-122.784737,22.130000000000003,44.0,0.32,0
1,41.011538,-122.784737,19.405,61.0,0.71,0
2,41.011538,-122.784737,19.84,69.0,0.61,0
3,41.011538,-122.784737,20.47,64.0,0.77,0
4,41.011538,-122.784737,20.335,61.0,0.76,0
5,41.011538,-122.784737,20.905,56.99999999999999,0.42,0
0,40.920168,-123.292705,25.745,35.0,0.33,0
1,40.920168,-123.292705,23.25,50.0,0.39,0
2,40.920168,-123.292705,23.905,56.00000000000001,0.72,0
3,40.920168,-123.292705,24.415,55.00000000000001,0.6,0
4,40.920168,-123.292705,23.75,56.00000000000001,0.8,0
5,40.920168,-123.292705,24.135,56.99999999999999,0.46,0
